id,first_name,last_name,company,email
1,Lynna,Gell,Tekfly,lgell0@google.ru
2,Octavia,Langstaff,Yambee,olangstaff1@tinyurl.com
3,Faun,Heak,Vitz,fheak2@apple.com
4,Francklin,Treacy,Pixonyx,ftreacy3@biblegateway.com
5,Drugi,Bousler,Skyble,dbousler4@marriott.com
6,Pietro,Vasishchev,Zooveo,pvasishchev5@wix.com
7,Ignatius,Tumbridge,Fadeo,itumbridge6@nba.com
8,Nickie,Waren,Tambee,nwaren7@booking.com
9,Corette,Suthworth,Yozio,csuthworth8@huffingtonpost.com
10,Hadleigh,McCorkell,Oyonder,hmccorkell9@spiegel.de
11,Kevina,Sabben,Oloo,ksabbena@blog.com
12,Garrik,Roots,Photojam,grootsb@cafepress.com
13,Cornela,Sifflett,Lazz,csifflettc@google.it
14,Corinne,Videneev,Kimia,cvideneevd@craigslist.org
15,Wilma,Fetters,Agivu,wfetterse@economist.com
16,Amil,Armit,Abatz,aarmitf@psu.edu
17,Lois,Herries,Zoombeat,lherriesg@hc360.com
18,Tymon,Crighton,Voolia,tcrightonh@goo.gl
19,Cecile,Pittham,Voonix,cpitthami@independent.co.uk
20,Korrie,Oleksiak,Zoonoodle,koleksiakj@psu.edu
21,Sibyl,Dominichelli,Meejo,sdominichellik@sohu.com
22,Sheila-kathryn,Greydon,Rhycero,sgreydonl@hp.com
23,Matthiew,Richardes,Snaptags,mrichardesm@drupal.org
24,Mindy,Candey,Voomm,mcandeyn@go.com
25,Adlai,Pavolillo,Youfeed,apavolilloo@google.ca
26,Harv,Beatson,Twiyo,hbeatsonp@paypal.com
27,Murial,Hallibone,Bubbletube,mhalliboneq@va.gov
28,Gerhardine,Agerskow,Skidoo,gagerskowr@live.com
29,Veronike,Episcopi,Miboo,vepiscopis@wunderground.com
30,Yulma,Minker,Photobug,yminkert@sfgate.com
31,Crissy,Danick,Bubblemix,cdanicku@freewebs.com
32,Eustace,Craven,Yacero,ecravenv@bizjournals.com
33,Bill,Revett,Mycat,brevettw@unc.edu
34,Alene,Hickisson,Twiyo,ahickissonx@live.com
35,Angelle,Physic,Oyoloo,aphysicy@wikimedia.org
36,Erica,Banstead,DabZ,ebansteadz@goodreads.com
37,Ashla,Windybank,Yambee,awindybank10@eventbrite.com
38,Nerita,Ryce,Jaloo,nryce11@weebly.com
39,Thaddeus,Meni,Yodoo,tmeni12@epa.gov
40,Krystalle,Attrie,Gevee,kattrie13@toplist.cz
41,Brandon,Brumbye,Edgeblab,bbrumbye14@scientificamerican.com
42,Hannis,Sandes,Lazzy,hsandes15@indiatimes.com
43,Rosalia,De Ruggiero,Thoughtstorm,rderuggiero16@yale.edu
44,Cobby,Addicott,Centidel,caddicott17@soup.io
45,Mada,Hindmore,Flashspan,mhindmore18@scribd.com
46,Gayleen,Splain,Skilith,gsplain19@reuters.com
47,Millard,Bye,Skinix,mbye1a@chronoengine.com
48,Kass,Risebrow,Voonder,krisebrow1b@cdc.gov
49,Bobine,Haveline,Photospace,bhaveline1c@domainmarket.com
50,Kellia,Braybrook,Youspan,kbraybrook1d@cnn.com
51,Candide,Laimable,Brainsphere,claimable1e@independent.co.uk
52,Melanie,Corballis,Gevee,mcorballis1f@gnu.org
53,Mavis,Baudts,Buzzster,mbaudts1g@tuttocitta.it
54,Ransom,Freathy,Thoughtbeat,rfreathy1h@cdbaby.com
55,Jamie,Monson,Shuffletag,jmonson1i@live.com
56,Normie,Garrick,Shufflebeat,ngarrick1j@hexun.com
57,Lindy,Thominga,Innojam,lthominga1k@vinaora.com
58,Cord,Gernier,Riffwire,cgernier1l@oakley.com
59,Raquela,Sorro,Skyble,rsorro1m@studiopress.com
60,Adaline,Shere,Meeveo,ashere1n@bbc.co.uk
61,Rex,Loyd,Kwideo,rloyd1o@patch.com
62,Blanca,Kobierzycki,Tazz,bkobierzycki1p@scribd.com
63,Tallia,Sheers,Agivu,tsheers1q@about.me
64,Constantine,Savaage,Jatri,csavaage1r@oracle.com
65,Isabelita,Shoebottom,Skilith,ishoebottom1s@360.cn
66,Nicoline,Aime,Viva,naime1t@apache.org
67,Jacquenette,Blackleech,Innotype,jblackleech1u@digg.com
68,Blakelee,Lewry,Brightbean,blewry1v@furl.net
69,Sharia,Berriball,Feedspan,sberriball1w@nhs.uk
70,Jennica,Daymond,Buzzbean,jdaymond1x@github.io
71,Stanley,Vasyunkin,Fanoodle,svasyunkin1y@plala.or.jp
72,Fairlie,Weippert,Quatz,fweippert1z@intel.com
73,Meaghan,Roseburgh,Muxo,mroseburgh20@yale.edu
74,Sloan,Guile,Npath,sguile21@bloglines.com
75,Marleen,Ludman,Realcube,mludman22@ihg.com
76,Francois,Friskey,Yata,ffriskey23@tripadvisor.com
77,Laura,Greggs,Eazzy,lgreggs24@latimes.com
78,Wilton,Mellanby,Eidel,wmellanby25@naver.com
79,Kenneth,Daggett,Shuffledrive,kdaggett26@sohu.com
80,Lazar,McKernan,Kimia,lmckernan27@delicious.com
81,Eb,Volleth,Photobug,evolleth28@sogou.com
82,Nikolas,Hetterich,Yakitri,nhetterich29@sourceforge.net
83,Travis,Shallcross,Gigaclub,tshallcross2a@google.it
84,Lanae,Willison,Kwimbee,lwillison2b@usda.gov
85,Eward,Aplin,Divavu,eaplin2c@moonfruit.com
86,Maura,Yard,Topicblab,myard2d@cornell.edu
87,Bevon,Oliphand,Voomm,boliphand2e@nbcnews.com
88,Iormina,Lacheze,Riffwire,ilacheze2f@merriam-webster.com
89,Jamill,Dishman,Eayo,jdishman2g@networkadvertising.org
90,Melisandra,Deavall,Youtags,mdeavall2h@aol.com
91,Fee,Halsworth,Riffpath,fhalsworth2i@thetimes.co.uk
92,Jody,Gallymore,Skipstorm,jgallymore2j@google.ru
93,Tristam,Giacovelli,Gigaclub,tgiacovelli2k@i2i.jp
94,Shane,Hundal,Zooxo,shundal2l@ihg.com
95,Margi,Fattori,Zoombox,mfattori2m@nih.gov
96,Sumner,Revell,Ainyx,srevell2n@ycombinator.com
97,Loralie,Allkins,Edgeblab,lallkins2o@newsvine.com
98,Rafe,Tarr,Flashspan,rtarr2p@epa.gov
99,Glyn,McColm,Skaboo,gmccolm2q@histats.com
100,Jaymie,Canham,Eire,jcanham2r@yelp.com
